{
  "urls": [
    "samples.webm",
    "samples.wav"
  ],
  "sprite": {
    "cymbal1": [
      0,
      150.22675736961452
    ],
    "cymbal2": [
      2000,
      133.5827664399094
    ],
    "hihat": [
      4000,
      50.20408163265344
    ],
    "hihatopen": [
      6000,
      150.45351473922875
    ],
    "kick1": [
      8000,
      154.30839002267584
    ],
    "kick2": [
      10000,
      150.27210884353792
    ],
    "ride": [
      12000,
      316.89342403628194
    ],
    "sidestick": [
      14000,
      17.120181405894996
    ],
    "snare1": [
      16000,
      103.94557823129347
    ],
    "snare2": [
      18000,
      146.12244897959314
    ],
    "tom1": [
      20000,
      83.53741496598488
    ],
    "tom2": [
      22000,
      162.69841269841123
    ]
  }
}