{
  "urls": [
    "samples.webm",
    "samples.wav"
  ],
  "sprite": {
    "cymbal1": [
      0,
      786.5079365079365
    ],
    "cymbal2": [
      2000,
      121.08843537414948
    ],
    "hihat": [
      4000,
      89.79591836734713
    ],
    "hihatopen": [
      6000,
      327.52834467120186
    ],
    "kick1": [
      8000,
      102.13151927437636
    ],
    "kick2": [
      10000,
      118.2086167800449
    ],
    "ride": [
      12000,
      787.5963718820866
    ],
    "sidestick": [
      14000,
      106.8934240362811
    ],
    "snare1": [
      16000,
      162.2222222222227
    ],
    "snare2": [
      18000,
      317.7324263038557
    ],
    "tom1": [
      20000,
      284.37641723355966
    ],
    "tom2": [
      22000,
      266.0544217687075
    ]
  }
}